school_name,address,postal_code,mrt_desc,bus_desc,latitude,longitude
ADMIRALTY PRIMARY SCHOOL,11   WOODLANDS CIRCLE,738907,Admiralty Station,"TIBS 965, 964, 913",1.4426347903311,103.800040119743
ADMIRALTY SECONDARY SCHOOL,31   WOODLANDS CRESCENT,737916,ADMIRALTY MRT,904,1.44589068910993,103.802398196596
AHMAD IBRAHIM PRIMARY SCHOOL,10   YISHUN STREET 11,768643,Yishun,"Yishun Ring Road - 812 (white plate); Yishun Ave 2 - 169, 804, 965, 117, 883",1.43315271543517,103.832942401086
AHMAD IBRAHIM SECONDARY SCHOOL,751  YISHUN AVENUE 7,768928,"CANBERRA MRT, YISHUN MRT","117, 167, 169, 800, 811, 812, 883, 856, 858, 859, 965, 969, 980",1.43605975368804,103.829718690077
AI TONG SCHOOL,100  Bright Hill Drive,579646,Bishan MRT,"410, 162, 52",1.3605834338904,103.833020333986
ALEXANDRA PRIMARY SCHOOL,2A   Prince Charles Crescent,159016,Redhill Station  Tiong Bahru Station,"51, 122, 139, 186, 970.",1.29133439161334,103.824424680531
ANCHOR GREEN PRIMARY SCHOOL,31   Anchorvale Drive,544969,MRT : NE16-Sengkang LRT : SW7-TongKang,"Bus 372, 110, 50",1.39036998654612,103.887165375933
ANDERSON PRIMARY SCHOOL,19   ANG MO KIO AVE 9,569785,Yio Chu Kang MRT Station,"Ang Mo Kio Ave 9 - Bus 76, 265, 268",1.38426429436736,103.841392081119
ANDERSON SECONDARY SCHOOL,10   ANG MO KIO STREET 53,569206,"ANG MO KIO MRT, YIO CHU KANG MRT","265, 548, 45, 50, 72",1.37434001701177,103.851554107068
ANDERSON SERANGOON JUNIOR COLLEGE,4500 ANG MO KIO AVENUE 6,569843,Yio Chu Kang MRT Station,"13, 45, 86, 162, 269, 825, 851, 852, 853, 860",1.37894408046934,103.845760935132
ANG MO KIO PRIMARY SCHOOL,20   ANG MO KIO AVENUE 3,569920,Ang Mo Kio MRT Station,"76,132,165,166,169,200,000,000",1.36932176584608,103.839630858752
ANG MO KIO SECONDARY SCHOOL,6    ANG MO KIO STREET 22,569362,ANG MO KIO MRT,"13, 74, 76, 88, 130, 132, 133, 136, 165, 169, 265, 268, 269, 851, 852",1.36733710171069,103.842154973672
ANGLICAN HIGH SCHOOL,600  UPPER CHANGI ROAD,487012,TANAH MERAH MRT,"2, 9, 12, 14, 24, 31, 35, 38, 45, 47, 48",1.33118107926966,103.941853465631
ANGLO-CHINESE JUNIOR COLLEGE,25   DOVER CLOSE EAST,139745,Buona Vista,"74,95,100,105,106,111,145,147,191,196,198,602",1.30304255193392,103.785358436408
ANGLO-CHINESE SCHOOL (BARKER ROAD),60   BARKER ROAD,309919,"NEWTON MRT, STEVENS MRT","48, 66, 67, 170, 960, 972",1.31961649151328,103.835772689988
ANGLO-CHINESE SCHOOL (INDEPENDENT),121  DOVER ROAD,139650,"DOVER MRT, BUONA VISTA MRT, ONE-NORTH MRT","33, 74, 166, 196",1.30370409257783,103.780363417671
ANGLO-CHINESE SCHOOL (JUNIOR),16   WINSTEDT ROAD,227988,Newton MRT Station,"5, 54, 124, 143, 162, 162M, 167, 167e, 518, 518A, 972M",1.30935041274966,103.840950265464
ANGLO-CHINESE SCHOOL (PRIMARY),50   BARKER ROAD,309918,Newton MRT Station,"Bus 48, 66, 67, 170, 603, 972M",1.31837054523521,103.835609732354
ANGSANA PRIMARY SCHOOL,3    Tampines Street 22,529366,Tampines and Simei Stations,"Bus Service 8, 17, 18, 20, 28, 34, 39, 59, 518, Feeder Bus Service 292",1.36360590588314,103.9389409004
ASSUMPTION ENGLISH SCHOOL,622  UPPER BUKIT TIMAH ROAD,678117,CASHEW MRT,"67, 75, 170, 176, 178, 184, 961, 963, 970",1.36838160662857,103.766687526556
ASSUMPTION PATHWAY SCHOOL,30   Cashew Road,679697,"DOWNTOWN LINE 2, CASHEW MRT","SBS Transit No 170    SMRT No 67, 75, 171, 176, 178, 184, 961, 963 & 970",1.3696707043227,103.765959130581
BARTLEY SECONDARY SCHOOL,10   JALAN BUNGA RAMPAI,538403,"BARTLEY MRT, TAI SENG MRT","22, 24, 28, 43, 58, 62, 70, 70M, 76, 80, 80A, 93, 158",1.33995415587811,103.882806211705
BEACON PRIMARY SCHOOL,36   Bukit Panjang Ring Road,679944,"Bangkit LRT, Fajar LRT Station","920, 922, 971, 972, 972A, 972M, 976",1.38394936211823,103.773632022975
BEATTY SECONDARY SCHOOL,1    TOA PAYOH NORTH,318990,"BRADDELL MRT, TOA PAYOH MRT","28, 56, 73, 88, 93, 105, 153, 155, 157, 159, 163, 231, 232",1.341790284928,103.852280842345
BEDOK GREEN PRIMARY SCHOOL,1    BEDOK SOUTH AVE 2,469317,"Bedok MRT Station, Tanah Merah MRT Station","Bus No. 2, 9, 12, 24, 31, 34 & 38",1.32344593287992,103.937878976352
BEDOK GREEN SECONDARY SCHOOL,360  BEDOK NORTH AVE 3,469722,"BEDOK MRT, BEDOK RESERVOIR MRT","14, 17, 18, 28, 46, 66, 67, 69, 168, 222, 228, 506",1.33451947288431,103.935028383346
BEDOK SOUTH SECONDARY SCHOOL,1    JALAN LANGGAR BEDOK,468585,TANAH MERAH MRT,"10, 14, 45",1.32513655159184,103.950989139261
BEDOK VIEW SECONDARY SCHOOL,6    BEDOK SOUTH AVENUE 3,469293,TANAH MERAH MRT,"2, 9, 12, 14, 24, 25, 31, 35, 38, 45, 46, 47, 48, 506",1.32415704029686,103.943776245024
BENDEMEER PRIMARY SCHOOL,91   BENDEMEER ROAD,339948,"Boon Keng, Kallang","13 23 31 61 64 65 65M 66 125, 125X ,133,140,147,853,857,985",1.32181250780475,103.865404167629
BENDEMEER SECONDARY SCHOOL,1    ST WILFRED ROAD,327919,BOON KENG MRT,"13,  23,  31,  64,  65,  66, 125, 133, 140, 147, 857, 985",1.32461111307996,103.860970284401
BLANGAH RISE PRIMARY SCHOOL,91   TELOK BLANGAH HEIGHTS,109100,"Telok Blangah, Tiong Bahru & Redhill",SBS 273 & 124,1.27612047924037,103.808628535239
BOON LAY GARDEN PRIMARY SCHOOL,20   BOON LAY DRIVE,649930,Lakeside & Boon Lay,"30,99,154,178,180,187,240,246",1.34284013791617,103.712858381937
BOON LAY SECONDARY SCHOOL,11   JURONG WEST STREET 65,648354,BOON LAY MRT,"99, 181, 192, 193, 242, 243, 257, 502, 502A",1.34272216334333,103.701891453912
BOWEN SECONDARY SCHOOL,2    LORONG NAPIRI,547529,"HOUGANG MRT, SERANGOON MRT, SENGKANG MRT","43, 70, 73, 103, 109, 156, 854, 25, 74, 74E, 76, 112, 132, 147, 165, 55",1.37035994436209,103.877659577677
BROADRICK SECONDARY SCHOOL,61   DAKOTA CRESCENT,399935,DAKOTA MRT,"10, 16, 30, 31, 32, 33",1.30705061123433,103.886917922608
BUKIT BATOK SECONDARY SCHOOL,50   BUKIT BATOK WEST AVE 8,658962,BUKIT BATOK MRT,"66, 66B, 157, 174, 174E, 178, 506, 941, 991",1.34849111079052,103.74087370482
BUKIT MERAH SECONDARY SCHOOL,10   LENGKOK BAHRU,159050,REDHILL MRT,"14, 32, 33, 63, 64, 120, 132, 139, 145, 147, 196, 197, 855, 961",1.28569283064288,103.813438929393
BUKIT PANJANG GOVT. HIGH SCHOOL,7    CHOA CHU KANG AVE 4,689809,CHOA CHU KANG MRT,"300, 983",1.38224243360043,103.738361221869
BUKIT PANJANG PRIMARY SCHOOL,109  CASHEW ROAD,679676,From Pending LRT station to Choa Chu Kang MRT station,"75, 184",1.37362179302436,103.769374904025
BUKIT TIMAH PRIMARY SCHOOL,111  Lorong Kismis,598112,"Beauty World, Bukit Batok and Clementi Stations",173,1.3377498622588,103.766855344779
BUKIT VIEW PRIMARY SCHOOL,18   BUKIT BATOK STREET 21,659634,Bukit Batok MRT Station,"173,157,178,852,66,106,61,506,963,77",1.34586054788695,103.75366641455
BUKIT VIEW SECONDARY SCHOOL,16   BUKIT BATOK STREET 21,659633,BUKIT BATOK MRT,"61, 66, 77, 106, 157, 173, 174, 178, 189, 506, 653, 852, 963, 990",1.3457330554294,103.752226593984
CANBERRA PRIMARY SCHOOL,21   ADMIRALTY DRIVE,757714,Sembawang MRT Station,Bus No. 859,1.45125024371543,103.815858858929
CANBERRA SECONDARY SCHOOL,51   SEMBAWANG DRIVE,757699,SEMBAWANG MRT,"859, 962",1.45319086315972,103.814203583818
CANOSSA CATHOLIC PRIMARY SCHOOL,1    Sallim Road,387621,Nearest MRT station: Mattar Station (about 7-minute walk),"Aljunied Road (same side as CCPS): 62, 64, 100    Aljunied Road (opposite CCPS): 61, 62, 64, 66, 100, 135, 154, 155    Merpati Rd (after Jln Anggerek): 40, 61, 63, 65, 66, 135,",1.32664424544839,103.882227964852
CANTONMENT PRIMARY SCHOOL,1    Cantonment Close,88256,Tanjong Pagar Outram Park,"75, 167, 196",1.27547252623201,103.839962631748
CASUARINA PRIMARY SCHOOL,30   PASIR RIS ST 41,518935,Pasir Ris MRT Station,"Nos. 12, 21 & 358",1.37246063927999,103.957020286115
CATHOLIC HIGH SCHOOL,9    BISHAN STREET 22,579767,BISHAN MRT,"13, 52, 54, 88, 156, 162, 162M, 410",1.3547230747166,103.844874676599
CATHOLIC JUNIOR COLLEGE,129  WHITLEY ROAD,297822,"Toa Payoh (NS Line),  Novena (NS Line),  Stevens (DT Line),  Caldecott (CC Line,TE Line)","105, 132, 151, 153, 154, 156, 186, 966, 985",1.32455605783219,103.835028842353
CEDAR GIRLS' SECONDARY SCHOOL,1    CEDAR AVENUE,349692,"WOODLEIGH MRT, POTONG PASIR MRT, MATTAR MRT","8, 13, 61, 64, 65, 66, 90, 100, 107, 133, 135, 142, 147, 151, 154, 155, 853",1.33375800216334,103.873933064886
CEDAR PRIMARY SCHOOL,15   CEDAR AVENUE,349700,Potong Pasir MRT Station,"8, 61, 64, 65, 66, 66A, 90, 90A, 100, 135, 151, 154, 155",1.33566084356265,103.87562006259
CHANGKAT CHANGI SECONDARY SCHOOL,23   SIMEI ST 3,529894,SIMEI MRT,"5, 9, 20, 38",1.33950630072876,103.953245525564
CHANGKAT PRIMARY SCHOOL,11   SIMEI ST 3,529896,Simei MRT Station,"9,38,5",1.34023163951633,103.952080114035
CHIJ (KATONG) PRIMARY,17   MARTIA ROAD,424821,EUNOS PAYA LEBAR,"15, 55, 36, 16, 135, 197, 196, 31, 13, 76, 12, 10, 14, 32, 40",1.30648535277087,103.911105620496
CHIJ (KELLOCK),1    Bukit Teresa Road,99757,Outram Park Station,"61, 124, 143, 166",1.275022722964,103.828157564896
CHIJ KATONG CONVENT,346  MARINE TERRACE,449150,"BEDOK MRT, KEMBANGAN MRT, EUNOS MRT, PAYA LEBAR MRT","4N, 13, 16, 31, 36, 36A, 36B, 43, 47, 48, 55, 134, 135, 135A, 150, 196, 196E, 197, 853C, 763",1.30644268034894,103.917144350028
COMPASSVALE PRIMARY SCHOOL,21   COMPASSVALE ST,545091,Sengkang,"83 (along Compassvale Street) 27, 89, 89E & 965 (along Compassvale Road).",1.39444529636566,103.897812229905
CHIJ OUR LADY OF GOOD COUNSEL,2C   Burghley Drive,558979,"Ang Mo Kio MRT, Bishan MRT, Serangoon MRT station.","317 Feeder Bus Service from Serangoon Interchange. 135,136 from Ang Mo Kio Interchange.",1.35742952269615,103.864009397373
CHIJ OUR LADY OF THE NATIVITY,1257 UPPER SERANGOON ROAD,534793,Hougang MRT,"74, 102, 112, 113, 119, 136, 147, 324, 672",1.37330297140128,103.897575728303
CHIJ OUR LADY QUEEN OF PEACE,4    Chestnut Drive,679287,Cashew and Hillview,"180, 67, 171, 176, 177, 178, 184, 961, 963, 970",1.36646014136363,103.768739256709
CHIJ PRIMARY (TOA PAYOH),628  Lorong 1 Toa Payoh,319765,Toa Payoh,"59, 231, 141",1.33275264711587,103.841847263786
CHIJ SECONDARY (TOA PAYOH),626  LORONG 1 TOA PAYOH,319764,TOA PAYOH MRT,"59, 141, 231",1.33246079948303,103.843271625083
CHIJ ST. JOSEPH'S CONVENT,62   SENGKANG EAST WAY,548595,SENGKANG MRT,"50, 82, 86, 88, 119, 136",1.39175222260369,103.902464991543
CHIJ ST. NICHOLAS GIRLS' SCHOOL,501  ANG MO KIO STREET 13,569405,"ANG MO KIO MRT, YIO CHU KANG MRT, MAYFLOWER MRT (End 2021)","76, 265, 268, 269",1.37347687878916,103.834253269436
CHIJ ST. THERESA'S CONVENT,160  LOWER DELTA ROAD,99138,"HARBOURFRONT MRT, TIONG BAHRU MRT","65, 121, 123, 123M, 124, 131, 131M, 195, 195A, 272, 855",1.27535177510054,103.822440701642
CHONGFU SCHOOL,170  YISHUN AVENUE 6,768959,Yishun MRT station,Feeder Service 811,1.43839562897006,103.839309173817
CHONGZHENG PRIMARY SCHOOL,1    TAMPINES STREET 21,529392,Tampines MRT Station,"3,3A, 8, 17, 18, 20, 28, 34, 39, 59, 518",1.35061130568554,103.951317297552
CHRIST CHURCH SECONDARY SCHOOL,20   WOODLANDS DRIVE 17,737924,"WOODLANDS MRT, WOODLANDS SOUTH MRT","901, 901M, 665",1.42656780901455,103.793451105242
CHUA CHU KANG PRIMARY SCHOOL,20   CHOA CHU KANG AVENUE 2,689905,Choa Chu Kang MRT Station and Southview LRT Station,"Bus Service 300, 301 and NR3 along Chua Chu Kang Ave 2 Bus Service 172, 301, 991 along Chua Chu Kang Ave 1",1.37775890093367,103.741832917421
CHUA CHU KANG SECONDARY SCHOOL,3    TECK WHYE CRESCENT,688845,CHOA CHU KANG MRT,"190, 307, 975, 982E, 985",1.38333422637073,103.75510327583
CHUNG CHENG HIGH SCHOOL (MAIN),50   GOODMAN ROAD,439012,DAKOTA MRT,"10, 12, 14, 16, 16M, 30, 31, 32, 33, 40, 43, 135, 134, 196, 197",1.30509154753048,103.891653229373
CHUNG CHENG HIGH SCHOOL (YISHUN),11   YISHUN STREET 61,768547,KHATIB MRT,"85, 811, 812, 851, 852, 853, 854, 855, 858, 860, 965, 969",1.41922603586175,103.837390782849
CLEMENTI PRIMARY SCHOOL,8    CLEMENTI AVE 3,129903,Clementi MRT Station,We are just beside Clementi Bus Interchange.,1.31506321827875,103.763144493687
CLEMENTI TOWN SECONDARY SCHOOL,10   CLEMENTI AVE 3,129904,CLEMENTI MRT,"14, 105, 106, 147, 156, 165, 166, 173, 175, 184, 196, 282, 284, 285, 7, 96, 99",1.31553912945073,103.762020598524
COMMONWEALTH SECONDARY SCHOOL,698  WEST COAST ROAD,608784,"JURONG EAST MRT, CLEMENTI MRT","30, 51, 78, 79, 143, 143M, 176, 201",1.31920395934801,103.745637393049
COMPASSVALE SECONDARY SCHOOL,51   COMPASSVALE CRESCENT,545083,"SENGKANG MRT, COMPASSVALE LRT","27, 27A, 82,  83,  86,  88,  89, 89E, 136, 161, 371, 965",1.39614083952009,103.899847164494
CONCORD PRIMARY SCHOOL,3    CHOA CHU KANG AVE 4,689814,Choa Chu Kang MRT Station,Bus 300 and 983,1.38026516111464,103.736554295636
CORPORATION PRIMARY SCHOOL,31   JURONG WEST STREET 24,648347,BOON LAY STATION LAKESIDE STATION,"157 (from Boon Lay Interchange), or 185",1.35099779872539,103.707593724342
CRESCENT GIRLS' SCHOOL,357  TANGLIN ROAD,247961,REDHILL MRT,"32, 111, 122, 132, 51, 139, 186, 970",1.29331947077104,103.817544461755
CREST SECONDARY SCHOOL,561  JURONG EAST STREET 24,609561,"BUKIT BATOK MRT, JURONG EAST MRT","41, 52, 98, 98M, 105, 176, 183, 187, 188, 188R, 333, 502, 868, 990",1.3431198045076,103.742628105304
DAMAI PRIMARY SCHOOL,52   BEDOK RESERVOIR CRESCENT,479226,Bedok North MRT Station,"Bus 228,66,65,22,21,5 and 506",1.33546106800406,103.921270169613
DAMAI SECONDARY SCHOOL,4800 BEDOK RESERVOIR ROAD,479229,"BEDOK RESERVOIR MRT, BEDOK MRT, TAMPINES MRT","5, 21, 22, 59, 65, 66, 228, 506, CT18",1.33692798510393,103.927091653438
DAZHONG PRIMARY SCHOOL,35   BUKIT BATOK STREET 31,659441,Bukit Gombak,"187, 188",1.3591797447277,103.74847210784
DE LA SALLE SCHOOL,11   Choa Chu Kang St 52,689285,YEW TEE MRT,"TIBS 302, 979",1.3947078296399,103.743201812831
DEYI SECONDARY SCHOOL,1    ANG MO KIO STREET 42,569277,ANG MO KIO MRT,"22, 24, 25, 45, 50, 55, 73, 74, 76, 88, 132, 135, 159, 162, 165, 261, 262, 268, 652, 853",1.36599702567717,103.852545772422
DUNEARN SECONDARY SCHOOL,21   BUKIT BATOK WEST AVENUE 2,659204,"BUKIT BATOK MRT, BUKIT GOMBAK MRT","160, 180, 187, 188, 945, 947, 985",1.36357900792871,103.74472109107
DUNMAN HIGH SCHOOL,10   TANJONG RHU ROAD,436895,"ALJUNIED MRT, KALLANG MRT, MOUNTBATTEN MRT","12, 14, 30, 158, 196",1.29996216014962,103.88294155989
DUNMAN SECONDARY SCHOOL,21   TAMPINES STREET 45,529093,TAMPINES EAST MRT,"28, 29, 293",1.36065258337022,103.956213906966
EAST SPRING PRIMARY SCHOOL,31   TAMPINES ST 33,529258,Tampines,"291, 28,18",1.35268400746357,103.961676849165
EAST SPRING SECONDARY SCHOOL,30   TAMPINES STREET 34,529231,"TAMPINES MRT, TAMPINES EAST MRT","3, 4, 9, 12, 17, 18, 19, 21, 28, 29, 34, 37, 39, 59, 81, 291, 518",1.35622508992581,103.960640700298
EDGEFIELD PRIMARY SCHOOL,41   EDGEFIELD PLAINS,828869,Punggol MRT,"3, 34, 62, 82, 83, 136",1.40009139510996,103.907847599114
EDGEFIELD SECONDARY SCHOOL,36   PUNGGOL FIELD,828814,PUNGGOL MRT,"3, 34, 62, 82, 83, 119, 136, 381, 382G",1.40059309981824,103.902687385465
ELIAS PARK PRIMARY SCHOOL,11   PASIR RIS STREET 52,518866,Pasir Ris MRT,"3, 15, 39, 53, 81, 88, 89, 357, 403, 518",1.37505696315817,103.945289416873
ENDEAVOUR PRIMARY SCHOOL,10   Admiralty Link,757521,Sembawang MRT Station,"859, 962",1.45403837499301,103.817436231731
EUNOIA JUNIOR COLLEGE,2    Sin Ming Place,573838,"Bishan MRT Station, Marymount MRT Station, Ang Mo Kio MRT Station","13, 52, 74, 88, 130, 410G, 410W, 851, 852",1.36213757183547,103.841286169122
EUNOS PRIMARY SCHOOL,95   JALAN EUNOS,419529,Nearest MRT Station - Eunos,"Bus Services (SBS): 15, 21, 25, 51, 55, 63, 93, 94, 60 Bus Services (SMRT) : 61, 854, 966",1.4426347903311,103.800040119743
EVERGREEN PRIMARY SCHOOL,31   WOODLANDS CIRCLE,738908,Admiralty,"913(front), 911 & 858(back)",1.44415332824735,103.794577787757
EVERGREEN SECONDARY SCHOOL,11   WOODLANDS STREET 83,738489,WOODLANDS MRT,911,1.44149131273737,103.794137756171
FAIRFIELD METHODIST SCHOOL (PRIMARY),100  DOVER ROAD,139648,"One-North MRT, Buona Vista MRT & Dover MRT","SBS Bus 14,33,74,166 & 196",1.30100441916733,103.785455606827
FAIRFIELD METHODIST SCHOOL (SECONDARY),102  DOVER ROAD,139649,"BUONA VISTA MRT, ONE-NORTH MRT","33, 74, 166, 196",1.30163374395823,103.784099647149
FAJAR SECONDARY SCHOOL,31   GANGSA ROAD,678972,"BUKIT PANJANG MRT, BUKIT PANJANG LRT, PETIR LRT","67, 75, 75A, 170, 171, 176, 177, 178, 180, 180A, 920, 922, 960, 961, 963, 963E, 963R, 970, 972, 972A, 973, 973A, 975, 976, 979",1.44589068910993,103.802398196596
FARRER PARK PRIMARY SCHOOL,2    FARRER PARK ROAD,217567,Farrer Park MRT Station,131,1.31236867681371,103.850766402965
FENGSHAN PRIMARY SCHOOL,307  BEDOK NORTH ROAD,469680,Bedok MRT,"18, 228, 222, 17, 69, 66, 67, 168, 28, 506, 14, 45",1.32980598760785,103.931710293058
FERN GREEN PRIMARY SCHOOL,70   Fernvale Link,797538,Kupang LRT Station (SW3),"85, 102",1.39726966050479,103.880330305684
FERNVALE PRIMARY SCHOOL,1    Fernvale Lane,797701,Fernvale LRT (Sengkang West Loop),"Along Sengkang West Ave - Bus Services 50, 163; Along Yio Chu Kang Road - Bus Services 70, 86, 103 and 854.",1.39030227963797,103.874445458032
FIRST TOA PAYOH PRIMARY SCHOOL,7    LORONG 8 TOA PAYOH,319252,Braddell & Toa Payoh Stations,"157,153,105,159,88,FS238",1.34032299499938,103.855529906182
FRONTIER PRIMARY SCHOOL,20   Jurong West Street 61,648200,Pioneer MRT Station (EW28),"241, 974, 179",1.33641298743234,103.69970173931
FUCHUN PRIMARY SCHOOL,23   WOODLANDS AVENUE 1,739063,Marsiling,"187,856,912,925,950,960,961,963,963E,963R,966",1.43047990810126,103.778192944298
FUCHUN SECONDARY SCHOOL,21   WOODLANDS AVENUE 1,739062,"MARSILING MRT, WOODLANDS MRT","187, 856, 912, 913M, 925, 925M, 926, 950, 960, 960E, 961, 961M, 963, 963E, 963R, 966, 912B, 912M",1.43070452883799,103.777625748539
FUHUA PRIMARY SCHOOL,65   JURONG EAST STREET 13,609647,JURONG EAST MRT STATION,"JURONG EAST CENTRAL (BS28441): 41,49,52,105,160,160A,160M,176,183,334,506    JURONG EAST CENTRAL (BS28431):51,66,78,79,143, 143M, 176, 335",1.33659726465816,103.736089481883
FUHUA SECONDARY SCHOOL,5    JURONG WEST STREET 41,649410,"CHINESE GARDEN MRT, LAKESIDE MRT","49, 98, 99, 157, 180, 185, 187, 198, 334, 335, 502, 657",1.34701408913756,103.72652089832
GAN ENG SENG PRIMARY SCHOOL,100  REDHILL CLOSE,158901,Redhill,"14, 63, 147, 196, 197, 855, 961",1.28559516494962,103.815547410064
GAN ENG SENG SCHOOL,1    HENDERSON ROAD,159561,"REDHILL MRT, TIONG BAHRU MRT","14, 16, 32, 33, 51, 63, 64, 120, 122, 145, 139, 186, 851, 970",1.28559516494962,103.815547410064
GEYLANG METHODIST SCHOOL (PRIMARY),4    Geylang East Central,389706,Aljunied,"80, 134, 155",1.31759126757284,103.883845744916
GEYLANG METHODIST SCHOOL (SECONDARY),2    GEYLANG EAST CENTRAL,389705,ALJUNIED MRT,"40, 62, 63, 80, 100, 125, 134, 155, 158",1.31764900474601,103.882661129303
GONGSHANG PRIMARY SCHOOL,1    TAMPINES STREET 42,529176,Tampines (Downtown Line and East West Line) and Tampines East (Downtown Line),"4, 8, 18, 19, 21, 37, 38, 81, 293",1.35711606790292,103.949144797277
GREENDALE PRIMARY SCHOOL,50   Edgedale Plains,828848,Punggol LRT:  Coral Edge,"3,62, 83, 85, 386",1.39648195114256,103.91233462071
GREENDALE SECONDARY SCHOOL,51   EDGEDALE PLAINS,828866,"PUNGGOL MRT, MERIDIAN LRT","3, 62, 83, 85, 136, 386",1.39696019936894,103.91170014084
GREENRIDGE PRIMARY SCHOOL,11   JELAPANG ROAD,677744,"Senja LRT station, Jelapang LRT Station","Bus 920, 922, 972",1.3858892193692,103.767794469258
GREENRIDGE SECONDARY SCHOOL,32   BUKIT PANJANG RING ROAD,679938,BANGKIT LRT,"722, 920, 922, 971, 972, 972M, 976",1.375600053443,103.763998914082
GREENWOOD PRIMARY SCHOOL,11   WOODLANDS  DR  62,737942,Admiralty MRT Station,"912, 913, 962",1.43989958331782,103.804725587384
GUANGYANG PRIMARY SCHOOL,6    Bishan Street 12,579806,Bishan MRT,"13,52,54,55,56,57,59,88,93,156,157,163,410",1.34569011530238,103.849453239895
GUANGYANG SECONDARY SCHOOL,8    BISHAN STREET 12,579807,BISHAN MRT,"13, 56, 57, 59, 71, 88, 93, 157, 163, 410",1.34440856042912,103.850208933626
HAI SING CATHOLIC SCHOOL,9    PASIR RIS DRIVE 6,519421,PASIR RIS MRT,"3, 5, 6, 12, 17, 21, 89, 354, 358",1.37434641160381,103.954957944437
HAIG GIRLS' SCHOOL,51   Koon Seng Road,427072,"Eunos, Dakota","16,33",1.31194344271383,103.902902557195
HENRY PARK PRIMARY SCHOOL,1    HOLLAND GROVE ROAD,278790,"Buona Vista MRT, Clementi MRT","7, 61, 75, 156, 157, 165, 92",1.31667646178347,103.784296227747
HILLGROVE SECONDARY SCHOOL,10   BUKIT BATOK STREET 52,659250,"BUKIT BATOK MRT, BUKIT GOMBAK MRT","176, 985, 945",1.35273576615912,103.752986488399
HOLY INNOCENTS' HIGH SCHOOL,1191 UPPER SERANGOON ROAD,534786,HOUGANG MRT,"27, 72, 74, 80, 87, 89, 101, 107, 113, 116, 119, 132, 136, 147, 153, 161, 165, 324, 325",1.37154508822261,103.896398814264
HOLY INNOCENTS' PRIMARY SCHOOL,5    Lorong Low Koon,536451,2km walk to Hougang MRT,"51,72,80,101,119,132,136,153.",1.36693830877349,103.894114899795
HONG WEN SCHOOL,30   TOWNER ROAD,327829,Boon Keng MRT,"Serangoon Road: 13, 23, 31, 64, 65, 66, 125, 133, 147, 857, 985 Balestier Road: 21, 125, 130, 139, 145",1.32175999964553,103.857628468881
HORIZON PRIMARY SCHOOL,61   Edgedale Plains,828819,Punggol MRT Station (NE17)  (LRT: Kadaloor [PE5] or Oasis [PE6]),"3, 50, 83, 85, 569",1.399550034492,103.913404855665
HOUGANG PRIMARY SCHOOL,1    HOUGANG ST 93,534238,"Ang Mo Kio, Buangkok, Hougang, Sengkang, Yio Chu Kang","SBS 43, 72, 88, 101, 109, 116, 156, 159, 325, 329",1.37738245231461,103.880805274557
HOUGANG SECONDARY SCHOOL,2    HOUGANG STREET 93,534256,"HOUGANG MRT, BUANGKOK MRT","43, 88, 101, 109, 156, 159, 161, 325, 329",1.37764019332164,103.882533963338
HUA YI SECONDARY SCHOOL,60   JURONG WEST ST 42,649371,"LAKESIDE MRT, CHINESE GARDEN MRT","49, 98, 98B, 98M, 99, 157, 185, 187, 198, 198A, 334, 335, 502",1.35234365488339,103.721832320169
HUAMIN PRIMARY SCHOOL,21   YISHUN AVENUE 11,768857,Yishun MRT Station,"806, 804",1.42697284512936,103.844240226564
HWA CHONG INSTITUTION,661  BUKIT TIMAH ROAD,269734,TAN KAH KEE MRT,"66, 67, 74, 151, 154, 156, 157, 170, 170A, 174, 852, 961, 961M",1.32588867455552,103.800747204253
INNOVA PRIMARY SCHOOL,80   Woodlands Drive 17,737888,Woodlands,"900A (weekdays only - 7.00 am to 8.30 am & 4.30 pm to 6.30 pm), 901",1.42896700684852,103.790607539185
JIEMIN PRIMARY SCHOOL,2    YISHUN STREET 71,768515,Yishun MRT Station,"167,169,171,800,811,000,000,000,000,000,000",1.42768847665227,103.830425490093
JING SHAN PRIMARY SCHOOL,5    ANG MO KIO ST 52,569228,Ang Mo Kio MRT,Bus 265,1.37223290983498,103.852132214306
JUNYUAN PRIMARY SCHOOL,2    Tampines Street 91,528906,Tampines West (Downtown Line); Tampines (East-West Line),"76281: 22, 46, 129 76061: 10, 15, 20, 21, 23, 27, 31, 34, 39, 65, 67, 168, 292 75051: 5, 8, 18, 28, 59, 118",1.34787074766746,103.939221709073
JUNYUAN SECONDARY SCHOOL,11   TAMPINES STREET 84,528933,"TAMPINES MRT, TAMPINES WEST MRT","69, 291, 293",1.35361315263537,103.933886165824
JURONG PIONEER JUNIOR COLLEGE,21   Teck Whye Walk,688258,Choa Chu Kang / Bt Panjang / Phoenix Station (LRT),"975, 190, 985",1.38437406410733,103.75437461519
JURONG PRIMARY SCHOOL,320  JURONG EAST Street 32,609476,"Lakeside MRT Station, Jurong East MRT Station",333,1.34843859698946,103.733156566858
JURONG SECONDARY SCHOOL,31   YUAN CHING ROAD,618652,LAKESIDE MRT,"30, 49, 98, 98A, 154, 240, 246",1.33002032220942,103.723952961648
JURONG WEST PRIMARY SCHOOL,30   JURONG WEST ST 61,648368,Pioneer MRT Station,192,1.33917519796104,103.698803732244
JURONG WEST SECONDARY SCHOOL,61   JURONG WEST STREET 65,648348,"BOON LAY MRT, PIONEER MRT","30, 154, 157, 180, 187, 198, 242",1.33525634688323,103.702098904443
JURONGVILLE SECONDARY SCHOOL,202  JURONG EAST AVENUE 1,609790,"JURONG EAST MRT, CHINESE GARDEN MRT","98, 98M, 99, 157, 185, 187, 198, 334, 502",1.35128862770284,103.728907710089
JUYING PRIMARY SCHOOL,31   JURONG WEST STREET 91,649037,Boon Lay MRT Station (Jurong Point),SBS 99 (From Clementi Inter-change) SBS 241 (From Boon Lay Inter-change),1.4426347903311,103.800040119743
JUYING SECONDARY SCHOOL,33   JURONG WEST STREET 91,649038,"BOON LAY MRT, PIONEER MRT, JOO KOON MRT","99, 241",1.3387227734133,103.687310264575
KEMING PRIMARY SCHOOL,90   BUKIT BATOK EAST AVENUE 6,659762,Bukit Batok,"61,66,77,106,157,174,178,963",1.34552849960874,103.756449399351
KENT RIDGE SECONDARY SCHOOL,147  WEST COAST ROAD,127368,"CLEMENTI MRT, HAW PAR VILLA MRT","30, 51, 143, 175, 176, 201, 282",1.30122773426098,103.764889617566
KHENG CHENG SCHOOL,15   LORONG 3 TOA PAYOH,319580,Braddell,"SBS 235,56,73,88,157,159,163,231,",1.3373381935639,103.847148501824
KONG HWA SCHOOL,350  GUILLEMARD ROAD,399772,Dakota,"Service 7,70,70M,197(to Guillemard Road)",1.31099674009193,103.888352029067
KRANJI PRIMARY SCHOOL,11   CHOA CHU KANG STREET 54,689189,Yew Tee MRT,"Bus No 307, 302",1.39356050497104,103.747362720939
KRANJI SECONDARY SCHOOL,61   CHOA CHU KANG STREET 51,689333,"CHUA CHU KANG MRT, YEW TEE MRT",302,1.39005109871311,103.741190664845
KUO CHUAN PRESBYTERIAN PRIMARY SCHOOL,8    BISHAN STREET 13,579793,Bishan MRT Station,"54, 56, 410, 410G",1.34939813669536,103.855018233311
KUO CHUAN PRESBYTERIAN SECONDARY SCHOOL,10   BISHAN STREET 13,579795,BISHAN MRT,"54, 56, 410G, 410W",1.35017129930314,103.854983746416
LAKESIDE PRIMARY SCHOOL,161  Corporation Walk,618310,Lakeside MRT,"30, 49, 98, 98M",1.33820397704287,103.718089546664
LIANHUA PRIMARY SCHOOL,2    BUKIT BATOK STREET 52,659243,Bukit Gombak/Bukit Batok,945,1.35424191127295,103.754165828711
LOYANG VIEW SECONDARY SCHOOL,12   PASIR RIS STREET 11,519073,PASIR RIS MRT,"12, 21, 39, 53, 81, 109, 359, 518",1.36658417167238,103.956944585725
MAHA BODHI SCHOOL,10   UBI AVENUE 1,408931,"Eunos Station (Transfer Bus No.63, 63M) Ubi Station (Transfer Bus No. 137)","5,8,15,22,25,45,51,55,59,61,63,63M,65,66,93,94,854",1.32858023873554,103.901306904157
MANJUSRI SECONDARY SCHOOL,20   UBI AVENUE 1,408940,"UBI MRT, MACPHERSON MRT","5, 8, 15, 22, 25, 45, 51, 55, 59, 61, 63, 63M, 65, 66, 93, 94, 137, 854",1.32747123084846,103.901719963831
MARIS STELLA HIGH SCHOOL,25   MOUNT VERNON ROAD,368051,BARTLEY MRT,"28, 93, 129, 158",1.34139473351039,103.877852484979
MARSILING PRIMARY SCHOOL,31   WOODLANDS CENTRE ROAD,738927,Marsiling MRT Station,"856, 911, 912",1.43383904037059,103.773643013846
MARSILING SECONDARY SCHOOL,12   MARSILING ROAD,739110,MARSILING MRT,"913, 911",1.43664424769955,103.776008090454
MARYMOUNT CONVENT SCHOOL,20   Marymount Road,297754,Braddell MRT Station or  Caldecott MRT Station,"141, 235",1.34036676987375,103.840021064426
MAYFLOWER PRIMARY SCHOOL,6    Ang Mo Kio Avenue 2,569948,Yio Chu Kang MRT Station.,"13,86,138,162,269,851,852,853.",1.37637683547682,103.843252803742
MAYFLOWER SECONDARY SCHOOL,2    ANG MO KIO STREET 21,569384,"ANG MO KIO MRT, MAYFLOWER MRT (Targeted to open in 2020)","71, 76, 132, 165, 166, 169, 262, 265, 268, 269",1.36827266209722,103.835360726863
MEE TOH SCHOOL,21   EDGEDALE PLAINS,828867,Punggol Station,"3,62,83",1.3946184538592,103.908589494228
MERIDIAN PRIMARY SCHOOL,20   PASIR RIS ST 71,518798,Pasir Ris MRT Station,"3,359",1.37552831658484,103.934889078518
MERIDIAN SECONDARY SCHOOL,31   PASIR RIS STREET 51,518901,PASIR RIS MRT,"39, 53, 81, 89, 109, 359, 403, 518",1.3672468492013,103.948972483629
METHODIST GIRLS' SCHOOL (PRIMARY),11   Blackmore Drive,599986,King Albert Park MRT,"66, 67, 74, 77, 151, 154, 157, 170, 171, 174, 852, 961, 970",1.34947276268396,103.884971343143
METHODIST GIRLS' SCHOOL (SECONDARY),11   BLACKMORE DRIVE,599986,KING ALBERT PARK MRT,"66, 67, 74, 77, 151, 154, 157, 170, 174, 852, 961, 970",1.35096755912522,103.885120050588
MILLENNIA INSTITUTE,60   Bukit Batok West Avenue 8,658965,Bukit Batok (NS 2),"157, 174, 174e, 178, 506, 991, 941, 160M",1.35031939200985,103.741593577684
MONTFORT JUNIOR SCHOOL,52   HOUGANG AVENUE 8,538786,Hougang MRT & Bus Interchange,"74,88,101,147,161,",1.37362445234082,103.889741457901
MONTFORT SECONDARY SCHOOL,50   HOUGANG AVENUE 8,538785,HOUGANG MRT,"74, 74e, 88, 88A, 101, 147, 147A, 161",1.37396131656912,103.888928372577
NAN CHIAU HIGH SCHOOL,20   ANCHORVALE LINK,545079,"SENGKANG MRT, RENJONG LRT, TONGKANG LRT","43, 83, 85, 109, 156, 159, 161, 163, 372",1.38879582498399,103.890004423764
NAN CHIAU PRIMARY SCHOOL,50   ANCHORVALE LINK,545080,Sengkang Station,"156, 159, 161, 371, 372",1.39221149906592,103.891180928186
NAN HUA HIGH SCHOOL,41   CLEMENTI AVENUE 1,129956,CLEMENTI MRT,"14, 33, 52, 78, 96, 97, 105, 106, 147, 151, 154, 165, 166, 183, 185, 188, 189, 196, 197, 198, 282, 285, 963",1.30809529518605,103.768561446725
NAN HUA PRIMARY SCHOOL,30   Jalan Lempeng,128806,Clementi MRT Station,"30, 51, 143, 175, 201, 533, 655, 727, 762",1.31920159956387,103.761095065761
NANYANG GIRLS' HIGH SCHOOL,2    LINDEN DRIVE,288683,"SIXTH AVENUE MRT, TAN KAH KEE MRT","66, 67, 74, 151, 154, 156, 157, 170, 174, 852, 961",1.33058326666479,103.802420979943
NANYANG JUNIOR COLLEGE,128  SERANGOON AVENUE 3,556111,2-minute walk from the Lorong Chuan MRT Station (Circle Line),"22, 24, 53, 73, 133, 105, 135, 136, 156, 853",1.35028314949236,103.866498721912
NANYANG PRIMARY SCHOOL,52   KING'S ROAD,268097,Farrer Rd MRT Station,"66, 67, 74, 93, 151, 153, 154, 156, 157, 165, 170, 171, 174, 186, 852, 855, 961",1.32084749904532,103.807750155296
NATIONAL JUNIOR COLLEGE,37   HILLCREST ROAD,288913,"BOTANIC GARDENS MRT, TAN KAH KEE MRT, SIXTH AVENUE MRT","66, 67, 74, 151, 154, 156, 157, 170, 174, 852, 961, 972",1.33029291072172,103.804110905425
NAVAL BASE PRIMARY SCHOOL,7    YISHUN AVE 4,769028,Yishun MRT Station,Feeder bus No. 811 from Yishun Interchange.,1.41630663159387,103.838794077233
NAVAL BASE SECONDARY SCHOOL,901  YISHUN RING ROAD,768689,KHATIB MRT,"39, 85, 117, 670, 807, 811, 812, 851, 852, 853, 854, 855, 857, 858, 965, 969",1.41937881620441,103.831050390247
NEW TOWN PRIMARY SCHOOL,300  Tanglin Halt Road,148812,Commonwealth MRT Station,"SBS Numbers 32, 100, 105, 111, 145, 147, 195, 196, 198, 855",1.29964188181021,103.80010216304
NEW TOWN SECONDARY SCHOOL,1020 DOVER ROAD,139657,"DOVER MRT, CLEMENTI MRT","33, 96, 96A, 151, 196, 183",1.30977590011357,103.77318863421
NGEE ANN PRIMARY SCHOOL,344  MARINE TERRACE,449149,Nil,"13, 16, 16M, 31,36, 43, 47, 48, 55, 135, 196, 196E, 197, 853M (at Marine Parade road) 13, 16, 16M, 196 and 196E(at Marine Terrace)",1.30552505910497,103.917463017497
NGEE ANN SECONDARY SCHOOL,1    TAMPINES STREET 32,529283,"TAMPINES MRT, SIMEI MRT, TAMPINES EAST MRT","3, 4, 8, 9, 12, 17, 18, 19, 21, 28, 29, 34, 37, 38, 39, 59, 81, 291, 293, 518, 552",1.35447525755806,103.956747262496
NORTH SPRING PRIMARY SCHOOL,1    RIVERVALE STREET,545088,NEL - Sengkang Station LRT - Bakau Station,"SBS Transit Services 82, 85, 86, 88, 119, 136, 163, 372",1.38706146494859,103.903202683028
NORTH VIEW PRIMARY SCHOOL,210  YISHUN AVENUE 6,768960,Yishun Khatib,"Feeder Service 804, 806, 807, 860",1.42752327193727,103.848190787869
NORTH VISTA PRIMARY SCHOOL,20   Compassvale Link,544974,"Buangkok MRT (NE15), Ranggung LRT (SE5)",na,1.38282243016299,103.895961877928
NORTH VISTA SECONDARY SCHOOL,11   RIVERVALE LINK,545081,"SENGKANG MRT, BUANGKOK MRT, RANGGUNG LRT","80, 82, 87, 88, 89, 119",1.381131285358,103.899188813886
NORTHBROOKS SECONDARY SCHOOL,585  YISHUN RING ROAD,768692,"YISHUN MRT, KHATIB MRT","804, 806, 807, 860, 103",1.42081285020652,103.845147332528
NORTHLAND PRIMARY SCHOOL,15   YISHUN AVENUE 4,769026,Yishun MRT Station,812 (next to bus service number 171) at Yishun Interchange,1.42096989918951,103.840928424929
NORTHLAND SECONDARY SCHOOL,3    YISHUN STREET 22,768578,YISHUN MRT,"811, 804, 800",1.43580183362637,103.840104687784
NORTHLIGHT SCHOOL,151  Towner Road,327830,BOON KENG (NE9),"21, 125, 130, 139, 145, 13, 23, 31, 64, 65, 133, 147, 857, 985",1.3191002158167,103.85575955353
NORTHOAKS PRIMARY SCHOOL,61   Sembawang Drive,757622,Sembawang MRT,Bus number 962,1.45660782030102,103.814196981329
NORTHSHORE PRIMARY SCHOOL,30   Northshore Drive,828671,Puggol Point LRT Station,"84, 384",1.41813803336667,103.904416909742
NUS HIGH SCHOOL OF MATHEMATICS AND SCIENCE,20   Clementi Avenue 1,129957,Nearest MRT Stations - Clementi and Dover,"96, 97, 151, 183, 188, 189, 196, 197, 198",1.30615665859431,103.770148255807
OASIS PRIMARY SCHOOL,71   Edgefield Plains,828716,Damai LRT Station,"50, 386",1.40462413200793,103.911120600638
OPERA ESTATE PRIMARY SCHOOL,48   FIDELIO STREET,458436,"Bedok, Kembangan",42,1.31996876377748,103.923752668632
ORCHID PARK SECONDARY SCHOOL,10   YISHUN STREET 81,768454,KHATIB MRT,811,1.41532032779634,103.837859241343
OUTRAM SECONDARY SCHOOL,3    YORK HILL,168622,"OUTRAM PARK MRT, CHINATOWN MRT","174 , 123, 16, 175, 195, 33, 5, 63, 75, 851, 970, 123, 186, 51, 64",1.28651357464735,103.837127264403
PALM VIEW PRIMARY SCHOOL,150  Compassvale Bow,544822,Buangkok,"27,43,109,156,159,161,163,163M,550",1.38376923022123,103.891354675017
PARK VIEW PRIMARY SCHOOL,60   PASIR RIS DRIVE 1,519524,Pasir Ris MRT Station,"358,39,53,81,89",1.37738069854249,103.939541695654
PASIR RIS CREST SECONDARY SCHOOL,11   PASIR RIS STREET 41,518934,PASIR RIS MRT,"358, 17, 81, 12, 3",1.37284060102246,103.959728202919
PASIR RIS PRIMARY SCHOOL,5    PASIR RIS STREET 21,518968,Pasir Ris MRT,"3,5,6,89",1.37241870245531,103.962807212116
PASIR RIS SECONDARY SCHOOL,390  TAMPINES STREET 21,529400,"TAMPINES MRT, TAMPINES EAST MRT,  TAMPINES WEST MRT","3, 4, 8, 10, 15, 18, 19, 20, 21, 22, 23, 27, 28, 29, 31, 37, 38, 39, 46, 65, 67, 68, 69, 72, 81, 127, 129, 168, 291, 292, 293, 298, 969",1.37284060102246,103.959728202919
PAYA LEBAR METHODIST GIRLS' SCHOOL (PRIMARY),298  LORONG AH SOO,536741,"Kovan (NE13), Serangoon(NE12/CC13)","45, 53, 53M, 62, 113",1.34947276268396,103.884971343143
PAYA LEBAR METHODIST GIRLS' SCHOOL (SECONDARY),296  LOR AH SOO,536742,"KOVAN MRT, SERANGOON MRT","45, 53, 53M, 62, 113",1.35096755912522,103.885120050588
PEI CHUN PUBLIC SCHOOL,16   LORONG 7 TOA PAYOH,319320,Toa Payoh MRT Station and Braddell MRT Station,"Bus Service 232, 57",1.33677864390672,103.855341310212
PEI HWA PRESBYTERIAN PRIMARY SCHOOL,7    PEI WAH AVENUE,597610,Beauty World,"970, 852, 174, 173, 157, 77, 61",1.33805634613048,103.776106448614
PEI HWA SECONDARY SCHOOL,21   FERNVALE LINK,797702,"SENGKANG MRT, LAYAR LRT","50, 70, 86, 103, 163, 854",1.39037504993234,103.878461745339
PEI TONG PRIMARY SCHOOL,15   CLEMENTI AVENUE 5,129857,Clementi,"7, 184, 282",1.31666529308968,103.767438999533
PEICAI SECONDARY SCHOOL,10   SERANGOON AVENUE 4,556094,SERANGOON MRT,"22, 24, 43, 53, 70, 76, 103, 109, 116, 147, 156, 315, 317, 853",1.35951583222214,103.870010749055
PEIRCE SECONDARY SCHOOL,10   SIN MING WALK,575566,"ANG MO KIO MRT, BISHAN MRT, MARYMOUNT MRT, BRIGHT HILL MRT (target opening in Q3, 2021)","52, 132, 162, 163, 165, 166, 167, 410, 855, 980",1.36665944653812,103.83021606804
PEIYING PRIMARY SCHOOL,651  YISHUN RING ROAD,768687,Khatib,"851, 852, 853, 854, 855",1.41741627551251,103.830143209875
PING YI SECONDARY SCHOOL,61   CHAI CHEE STREET,468980,BEDOK MRT,"26, 222, 222B, 2, 7, 24, 25, 28, 30, 30E, 32, 33, 40, 67, 229, 854, 60, 87",1.35234365488339,103.721832320169
PIONEER PRIMARY SCHOOL,23   JURONG WEST STREET 81,649076,Boon Lay Station,243,1.33902264667589,103.687769623983
POI CHING SCHOOL,21   TAMPINES STREET 71,529067,Tampines MRT,"Bus 293, 72, 27 and 168",1.35765122315688,103.935246477199
PRESBYTERIAN HIGH SCHOOL,5209 ANG MO KIO AVENUE 6,569845,YIO CHU KANG MRT,"45, 70, 70M, 71, 76, 86, 668, 851, 851e, 852, 853",1.38201194250223,103.843149382823
PRINCESS ELIZABETH PRIMARY SCHOOL,30   BUKIT BATOK WEST AVENUE 3,659163,Bukit Batok MRT Station,"Bus 174, 157, 178, 66, 941",1.34919098857585,103.740719208011
PUNGGOL COVE PRIMARY SCHOOL,52   Sumang Walk,828674,Nibong LRT Station,"382W, 84",1.41158455562454,103.89890448429
PUNGGOL GREEN PRIMARY SCHOOL,98   Punggol Walk,828772,Punggol MRT Station,na,1.40172590450528,103.898794262307
PUNGGOL PRIMARY SCHOOL,61   HOUGANG AVENUE 8,538787,"Hougang, Buangkok",62 74 88 113 147 325,1.37820062547641,103.894667159512
PUNGGOL SECONDARY SCHOOL,51   EDGEFIELD PLAINS,828870,"PUNGGOL MRT, COVE LRT","3, 34, 62, 82, 83, 85, 136, 965, 386",1.40205738421399,103.909213706482
PUNGGOL VIEW PRIMARY SCHOOL,9    Punggol Place,828845,Punggol MRT Station,50 382,1.40514582647962,103.905156371376
QIFA PRIMARY SCHOOL,50   WEST COAST AVENUE,128104,Clementi MRT Station,"30,51,78,143,285,655",1.3132658326807,103.756629101811
QIHUA PRIMARY SCHOOL,5    WOODLANDS STREET 81,738525,Woodlands MRT Station,"911, 900",1.44203596557592,103.788339762066
QUEENSTOWN PRIMARY SCHOOL,310  MARGARET DR,149303,Queenstown MRT,"32, 111, 145, 195",1.29559365009015,103.807548617332
QUEENSTOWN SECONDARY SCHOOL,1    STRATHMORE ROAD,148800,"REDHILL MRT, QUEENSTOWN MRT","33, 51, 64, 111, 120, 139, 145, 186, 970",1.29352126774652,103.813190980055
QUEENSWAY SECONDARY SCHOOL,2A   MARGARET DRIVE,149295,"COMMONWEALTH MRT, QUEENSTOWN MRT","32, 51, 93, 100, 105, 111, 122, 123, 145, 147, 153, 186, 195, 196, 198, 855, 961, 970",1.30022271592188,103.802207291625
RADIN MAS PRIMARY SCHOOL,1    BUKIT PURMEI AVENUE,99840,Tiong Bahru MRT HarbourFront MRT,"SBS 123, 131, 275 SBS 65",1.27495823622634,103.824188270373
RAFFLES GIRLS' PRIMARY SCHOOL,21   Hillcrest Road,289072,TAN KAH KEE MRT STATION,"66, 67, 74, 151, 154, 156, 157, 170, 171, 174, 852, 961",1.3294042600012,103.806442915912
RAFFLES GIRLS' SCHOOL (SECONDARY),2    BRADDELL RISE,318871,"BRADDELL MRT, CALDECOTT MRT","59, 93, 129, 156, 157, 163, 231, 232, 235",1.34217479932295,103.84313404727
RAFFLES INSTITUTION,1    RAFFLES INSTITUTION LANE,575954,"BISHAN MRT, MARYMOUNT MRT","410,13,50,52,53,54,55,56,57,58,59,71,74,88,93,128,130,132,156,157,162,163,165,166,167,851,852,855,980",1.34618775847486,103.845875110532
RED SWASTIKA SCHOOL,350  BEDOK NORTH AVENUE 3,469719,Bedok Reservoir MRT,"Bus 14, 17, 28, 46, 66, 67, 69, 222, 228",1.33405659580859,103.934317528484
REGENT SECONDARY SCHOOL,50   CHOA CHU KANG NORTH 5,689621,"YEW TEE MRT, CHOA CHU KANG MRT","307, 160, 170, 178, 925, 927, 960, 961, 979",1.39327908335682,103.751034411529
RIVER VALLEY HIGH SCHOOL,6    BOON LAY AVENUE,649961,"BOON LAY MRT, LAKESIDE MRT","99, 157, 172, 174, 174E, 198, 240, 502, 974, NR5",1.34407801149725,103.709022156436
RIVER VALLEY PRIMARY SCHOOL,2    RIVER VALLEY GREEN,237993,Somerset MRT,"5, 16, 32, 54, 65, 75, 175, 970",1.29418347842837,103.836018941571
RIVERSIDE PRIMARY SCHOOL,110  Woodlands Crescent,737803,Admiralty MRT Station,Bus No 913 and Bus No 964,1.44700426493785,103.801889031334
RIVERSIDE SECONDARY SCHOOL,3    WOODLANDS STREET 81,738524,WOODLANDS MRT,"858, 900, 911, 913, 964, 962, 965, 969, 169, 903",1.44110157139127,103.78830823641
RIVERVALE PRIMARY SCHOOL,80   RIVERVALE DRIVE,545092,Nearest LRT Station : Rumbia,"Bus Service 86, 371.",1.39340997767762,103.904559511997
ROSYTH SCHOOL,21   Serangoon North Avenue 4,555855,"Ang Mo Kio, Serangoon","73, 315, 116",1.37289067499064,103.875001549174
RULANG PRIMARY SCHOOL,6    JURONG WEST STREET 52,649295,Lakeside,SBS 335,1.34673868889096,103.718457955487
"SCHOOL OF SCIENCE AND TECHNOLOGY, SINGAPORE",1    Technology Drive,138572,Dover,"14, 74, 105, 106, 147, 166, 185",1.31292810600277,103.774011529322
"SCHOOL OF THE ARTS, SINGAPORE",1    Zubir Said Drive,227968,Dhoby Ghaut,"7, 14, 16, 36, 64, 65, 77, 106, 111, 124, 128, 131, 147, 162, 166, 167, 171, 174, 175, 190, 502, 518, 700, 857,",1.44974815480346,103.806355201925
SEMBAWANG PRIMARY SCHOOL,10   SEMBAWANG DRIVE,757715,Sembawang MRT (6 to 8-minute walk),"656, 859, 962, 980",1.4450737155262,103.821042374036
SEMBAWANG SECONDARY SCHOOL,30   SEMBAWANG CRESCENT,757704,SEMBAWANG MRT,"859, 859A, 962",1.44531502131387,103.816843258118
SENG KANG PRIMARY SCHOOL,21   COMPASSVALE WALK,545166,Sengkang MRT,"27, 80, 82, 83, 86, 87, 88, 89, 119, 156, 163, 371, 372 & 965",1.38949740422462,103.899767112047
SENG KANG SECONDARY SCHOOL,10   COMPASSVALE LANE,545090,"SENGKANG MRT, RANGGUNG LRT","27, 80, 85, 86, 87, 89, 89E, 163, 163M, 372",1.38659683143747,103.898365036709
SENGKANG GREEN PRIMARY SCHOOL,15   Fernvale Road,797636,Fernvale LRT (SW5) - (Sengkang West Loop),"Sengkang and Toa Payoh interchange - no 163, Along Yio Chu Kang Road, - no 70, 86, 103 and 854.Punggol Temp Interchange to Bishan Interchange - Bus 50",1.39284606680477,103.875217666486
SERANGOON GARDEN SECONDARY SCHOOL,21   SERANGOON NORTH AVENUE 1,555889,"SERANGOON MRT, ANG MO KIO MRT","25, 55, 73, 74, 74e, 76, 132, 165, 315",1.36932570490947,103.869270301476
SERANGOON SECONDARY SCHOOL,11   UPPER SERANGOON VIEW,534237,"HOUGANG MRT, KANGKAR LRT","62, 74, 102, 113, 119, 136, 147, 324",1.36932570490947,103.869270301476
SHUQUN PRIMARY SCHOOL,8    JURONG WEST STREET 51,649332,W11 Lakeside,"98, 187, 335",1.34765311431632,103.721523713379
SI LING PRIMARY SCHOOL,61   WOODLANDS AVENUE 1,739067,Woodlands,912 from Woodlands Interchange,1.43240935732525,103.786035065192
SINGAPORE CHINESE GIRLS' PRIMARY SCHOOL,190  DUNEARN ROAD,309437,Stevens,"66, 67, 105, 132, 151, 153, 154, 156, 170, 171, 186, 190, 605, 700, 960",1.32080725235992,103.827744749548
SINGAPORE CHINESE GIRLS' SCHOOL,190  DUNEARN ROAD,309437,STEVENS MRT,"48, 66, 67, 105, 132, 151, 153, 154, 156, 170, 186, 190, 960, 971E, 972",1.30239915719716,103.839055904985
SINGAPORE SPORTS SCHOOL,1    Champions Way,737913,Woodlands South MRT,"665, 900A, 901, 901M",1.42641140556342,103.789444793951
SOUTH VIEW PRIMARY SCHOOL,6    Choa Chu Kang Central,689762,Choa Chu Kang MRT Station,307 / South View LRT Station,1.38166664389749,103.746275846011
SPECTRA SECONDARY SCHOOL,1    WOODLANDS DRIVE 64,737758,ADMIRALTY MRT,"901M, 904, 912, 913, 962, 964, 965, 969",1.43703750789961,103.804100467487
SPRINGDALE PRIMARY SCHOOL,71   Anchorvale Link,544799,Sengkang Station (NE16)  Nearest LRT station: Farmway  *10-15 min walk from either station,"50, 85, 102, 372    Nearest Bus Stop: In front of Blk 326 Car Park  *1-2 min walk from bus stop; enter by Main Gate along Anchorvale Link or Rear Gate",1.39467010299293,103.889926221247
SPRINGFIELD SECONDARY SCHOOL,30   TAMPINES AVENUE 8,529593,"TAMPINES MRT, TAMPINES WEST MRT","8, 15, 23, 58, 69, 118, 129, 291, 293, 298, 513, 518",1.34957303471476,103.930354460693
ST. ANDREW'S JUNIOR COLLEGE,5    Sorby Adams Drive,357691,Potong Pasir NE10,"SBSTransit: 8, 26, 31, 90, 142 ,151, 154 (Diocese of Singapore) SMRT Buses:  857, 966, 985 (Diocese of Singapore),  853 (Upper Serangoon Road)",1.33306515740956,103.863576377056
ST. ANDREW'S JUNIOR SCHOOL,2    FRANCIS THOMAS DRIVE,359337,"Potong Pasir,Toa Payoh","8,13,26,31,90,90A,107,133,142,147,853,NR6",1.33140255308868,103.865117134385
ST. ANDREW'S SECONDARY SCHOOL,15   FRANCIS THOMAS DRIVE,359342,POTONG PASIR MRT,"8, 13, 26, 31, 90, 90A, 107, 133, 142, 147, 853",1.33069360968075,103.866249138562
ST. ANTHONY'S CANOSSIAN PRIMARY SCHOOL,1602 BEDOK NORTH AVE 4,469701,Bedok MRT,17,1.3347253730189,103.941234868202
ST. ANTHONY'S CANOSSIAN SECONDARY SCHOOL,1600 BEDOK NORTH AVENUE 4,469700,"BEDOK MRT, BEDOK RESERVOIR MRT","17, 14, 46, 222",1.33466313498855,103.941977166932
ST. ANTHONY'S PRIMARY SCHOOL,30   Bukit Batok St 32,659401,Bukit Gombak MRT Station,945,1.3347253730189,103.941234868202
ST. GABRIEL'S PRIMARY SCHOOL,220  Lorong Chuan,556742,Lor Chuan MRT Station (Circle Line),"73, 105, 159",1.34947192653862,103.862561037707
ST. GABRIEL'S SECONDARY SCHOOL,24   SERANGOON AVENUE 1,556140,SERANGOON MRT,158,1.34648798732177,103.876094163287
ST. HILDA'S PRIMARY SCHOOL,2    Tampines Ave 3,529706,"Tampines West, Tampines Central",Feeder Bus service: 293 from Tampines Interchange (towards St 71),1.34938565036336,103.937007133662
ST. HILDA'S SECONDARY SCHOOL,2    TAMPINES STREET 82,528986,"TAMPINES MRT, TAMPINES WEST MRT","22, 129, 293, 298",1.34973922385379,103.937608032148
ST. JOSEPH'S INSTITUTION,38   MALCOLM ROAD,308274,STEVENS MRT,"105, 132, 151, 153, 154, 156, 186, 190, 960, 972",1.29725759853987,103.851023580389
ST. JOSEPH'S INSTITUTION JUNIOR,3    ESSEX ROAD,309331,Novena,21;54;56;57;124;131;141;166;518;851;980,1.31781476118551,103.845633334522
ST. MARGARET'S PRIMARY SCHOOL,2    Mattar Road,387724,Mattar MRT Station (DT25),"40, 61, 63, 65, 66, 135, 154, 155, 158",1.32439150290682,103.881624837373
ST. MARGARET'S SECONDARY SCHOOL,111  FARRER ROAD,259240,FARRER ROAD MRT,"48, 93, 153, 165, 174, 186, 855, 961",1.32006821363359,103.80995114006
ST. PATRICK'S SCHOOL,490  EAST COAST ROAD,429058,KEMBANGAN MRT,"10, 10E, 12, 13, 14, 14E, 15, 16, 31, 32, 36, 40, 43, 47, 48, 55, 135, 150, 155, 196, 197",1.30788341871801,103.917638193713
ST. STEPHEN'S SCHOOL,20   SIGLAP VIEW,455789,Kembangan MRT Station,"2,7,24,25,26,28,30,32,33,67,854",1.31878997295135,103.917258129598
STAMFORD PRIMARY SCHOOL,1    VICTORIA LANE,198423,"Bugis MRT Station, Jalan Besar MRT Station","Along Victoria Street:2,7,12,32,33, 51, 61,63,80,130,133,145, 175, 197",1.4426347903311,103.800040119743
SWISS COTTAGE SECONDARY SCHOOL,3    BUKIT BATOK STREET 34,659322,BUKIT GOMBAK MRT,"187, 188, 985, 945",1.36471742697475,103.750396136688
TAMPINES MERIDIAN JUNIOR COLLEGE,21   Pasir Ris Street 71,518799,Pasir Ris MRT Station,"3, 39, 53, 81, 89, 109, 358, 518",1.37633346909682,103.936990723441
TAMPINES NORTH PRIMARY SCHOOL,30   TAMPINES AVENUE 9,529565,Tampines MRT,"SBS Transit 28, 29, 293",1.36048786025607,103.948768900518
TAMPINES PRIMARY SCHOOL,250  TAMPINES STREET 12,529426,Tampines MRT,"8, 10, 17,18, 27, 31, 65, 292, 293, or any bus going into Tampines Interchange",1.3504863946694,103.943573098509
TAMPINES SECONDARY SCHOOL,252  TAMPINES ST 12,529427,TAMPINES MRT,"3,  8,  10,  15,  17,  18,  20,  21,  23,  27,  28,  31,  34,  39,  59,  65,  129,  168,  292,  298,  518",1.34926094811197,103.944263709507
TANGLIN SECONDARY SCHOOL,301  WEST COAST ROAD,127391,CLEMENTI MRT,"30, 51, 78, 143, 285, 655",1.3101025424772,103.758231859928
TANJONG KATONG GIRLS' SCHOOL,20   Dunman Lane,439272,"PAYA LEBAR MRT, DAKOTA MRT","10, 16, 31, 32, 33, 40, 43, 134, 135, 197",1.30821274627283,103.895820094229
TANJONG KATONG PRIMARY SCHOOL,10   Seraya Road,437259,na,na,1.30498489044822,103.899999965407
TANJONG KATONG SECONDARY SCHOOL,130  HAIG ROAD,438796,"PAYA LEBAR MRT, DAKOTA MRT","10, 16, 31, 32, 33, 40, 76, 135, 197",1.30873515955341,103.897225196199
TAO NAN SCHOOL,49   MARINE CRESCENT,449761,"Paya Lebar, Eunos","13, 16, 31, 36, 43, 48, 55, 134, 196, 197",1.2943321052493,103.849026157822
TECK GHEE PRIMARY SCHOOL,1    ANG MO KIO STREET 32,569299,Ang Mo Kio & Bishan,"22,24,135,853,162,262,159",1.36558782075966,103.850957126982
TECK WHYE PRIMARY SCHOOL,11   TECK WHYE WALK,688261,Choa Chu Kang MRT & LRT,"975, 190 & 985",1.38388660469396,103.753924558586
TECK WHYE SECONDARY SCHOOL,31   TECK WHYE CRESCENT,688848,"CHUA CHU KANG MRT, PHOENIX LRT","975, 985, 190, 982E",1.38333422637073,103.75510327583
TELOK KURAU PRIMARY SCHOOL,50   BEDOK RESERVOIR RD,479239,Kaki Bukit MRT (nearest),"8, 15, 22, 55, 65, 60,66, 87 & 506",1.33104585441349,103.910934011337
TEMASEK JUNIOR COLLEGE,22   BEDOK SOUTH ROAD,469278,BEDOK MRT,"12, 12E, 16, 31, 38, 47, 137, 155, 196, 196A, 197, 229",1.31849283027837,103.935567309385
TEMASEK PRIMARY SCHOOL,501  BEDOK SOUTH AVE 3,469300,Tanah Merah MRT,"229, 10, 14, 13, 48, 43, 506",1.31770677551333,103.945590669163
TEMASEK SECONDARY SCHOOL,600  UPPER EAST COAST ROAD,465561,"BEDOK MRT, TANAH MERAH MRT","10, 10E, 13, 14, 25, 43, 46, 55, 137, 229, 506, 531, 853",1.31591673150616,103.947564112022
TOWNSVILLE PRIMARY SCHOOL,3    ANG MO KIO AVE 10,569730,"Bishan MRT, Ang Mo Kio MRT Stations","45, 50, 55, 261, 548, 22, 24, 128, 135, 159, 162, 162M, 262, 853",1.36003263746623,103.853826048327
UNITY PRIMARY SCHOOL,21   CHOA CHU KANG CRESCENT,688268,Yew Tee MRT,TIBs 302,1.40285481877246,103.746822625758
UNITY SECONDARY SCHOOL,20   CHOA CHU KANG STREET 62,689143,YEW TEE MRT,307,1.40001524119441,103.74602091483
VALOUR PRIMARY SCHOOL,49   Punggol Central,828728,na,na,1.40683570215319,103.899078139493
VICTORIA JUNIOR COLLEGE,20   MARINE VISTA,449035,"Nearest MRT Stations:  Kembangan, Eunos","13, 16, 31, 36, 43, 48, 55, 135, 196, 196e, 197",1.30670174177479,103.919982704149
VICTORIA SCHOOL,2    SIGLAP LINK,448880,"BEDOK MRT, PAYA LEBAR MRT","31, 36, 43, 47, 48, 55, 135, 155, 196, 196E, 197, 401, 853C",1.30830803913148,103.928197539607
WATERWAY PRIMARY SCHOOL,70   Punggol Drive,828802,Kadaloor LRT Station,"50, 381",1.39882800626578,103.918621581556
WELLINGTON PRIMARY SCHOOL,10   WELLINGTON CIRCLE,757702,Sembawang MRT,"980, 856, 859",1.45192019155475,103.822303719094
WEST GROVE PRIMARY SCHOOL,1    JURONG WEST ST 72,649223,Boon Lay MRT,"Bus 99, 242",1.3448790560014,103.699286360581
WEST SPRING PRIMARY SCHOOL,60   Bukit Panjang Ring Road,679946,Jelapang LRT,"920, 922",1.38944145898943,103.766195711835
WEST SPRING SECONDARY SCHOOL,61   SENJA  ROAD,677737,"JELAPANG LRT, SENJA LRT","920, 972, 976",1.38782283303782,103.760128840155
WEST VIEW PRIMARY SCHOOL,31   SENJA ROAD,677742,"Bukit Panjang MRT, SENJA LRT (A13)","170,171,176,178,180,000,000,000,000,000",1.38378546546228,103.760273432258
WESTWOOD PRIMARY SCHOOL,1    Jurong West Street 73,649188,Boon Lay MRT Station,"181, 502 & 243",1.34718456606375,103.70053420978
WESTWOOD SECONDARY SCHOOL,11   JURONG WEST STREET 25,648350,BOON LAY MRT,"172, 181, 181M, 185, 199, 405, 974",1.35373698510994,103.701772102139
WHITE SANDS PRIMARY SCHOOL,2    PASIR RIS ST 11,519075,Pasir Ris MRT Station,"12, 17, 21, 39, 53, 81, 518, 109",1.36563610941695,103.960861814678
WHITLEY SECONDARY SCHOOL,30   BISHAN STREET 24,579747,"BISHAN MRT, MARYMOUNT MRT","13, 52, 54, 74, 74E, 88, 162, 162M,  588, 410, 851, 852",1.35505208480649,103.842552378136
WOODGROVE PRIMARY SCHOOL,2    WOODLANDS DRIVE 14,738079,Woodlands MRT Station,901,1.43273620725049,103.79023031392
WOODGROVE SECONDARY SCHOOL,3    WOODLANDS AVENUE 6,738990,"WOODLANDS MRT, WOODLANDS SOUTH MRT","901, 901M",1.42831828137013,103.79604758539
WOODLANDS PRIMARY SCHOOL,10   WOODLANDS DRIVE 50,738853,Woodlands,912 & 912E,1.43658270720199,103.791791282236
WOODLANDS RING PRIMARY SCHOOL,11   WOODLANDS RING ROAD,738240,Admiralty MRT Station,912,1.43495229315857,103.797435733144
WOODLANDS RING SECONDARY SCHOOL,10   WOODLANDS RING ROAD,738239,ADMIRALTY MRT,912,1.43648894729939,103.800148469692
WOODLANDS SECONDARY SCHOOL,11   MARSILING ROAD,739111,"MARSILING MRT, WOODLANDS MRT","913, 913M, 913T, 178, 856, 903",1.43648894729939,103.800148469692
XINGHUA PRIMARY SCHOOL,45   HOUGANG AVENUE 1,538882,Kovan MRT Station,"Bus services 53, 62, 112, 113, 115",1.35790893589535,103.890472887906
XINGNAN PRIMARY SCHOOL,5    JURONG WEST STREET 91,649036,Pioneer MRT Station,Bus 99 & 241,1.34270639669225,103.687588478681
XINMIN PRIMARY SCHOOL,9    HOUGANG AVENUE 8,538784,Nil,"74, 147, 165, 112",1.37139548941931,103.883080767491
XINMIN SECONDARY SCHOOL,11   HOUGANG AVENUE 8,538789,HOUGANG MRT,"25, 43, 43M, 55, 70, 70A, 70B, 70M, 72, 72A, 73, 73A, 74, 74E, 88, 88A, 103, 109, 109A, 112, 116, 132, 147, 159, 159A, 161, 165, 329, 660, 854, 854E",1.37255884700002,103.88305161385
XISHAN PRIMARY SCHOOL,8    YISHUN STREET 21,768611,o   Alight at Yishun MRT Station o   Take Exit C o   Walk towards Yishun Street 21,"Along Yishun Ave 2,take Bus Service 117, 169, 804, 812, 965. Alight at Blk 220. Along Yishun Ring Road,take Bus Service 1N, 800, 804, NR1. Alight at Blk 227 or 236.",1.43347186925064,103.837755319448
YANGZHENG PRIMARY SCHOOL,15   SERANGOON AVENUE 3,556108,Serangoon Station,"58 & 105 (Outside the school, Serangoon Ave 3) 133 & 135(Serangoon Ave 2)",1.34864575840923,103.868595527042
YEW TEE PRIMARY SCHOOL,10   CHOA CHU KANG ST 64,689100,Yew Tee MRT Station,307,1.39676600905037,103.750985967346
YIO CHU KANG PRIMARY SCHOOL,1    HOUGANG STREET 51,538720,Hougang MRT Station Yio Chu Kang MRT Station,"88,101,109,159,161 and 325",1.37793264345276,103.885643682171
YIO CHU KANG SECONDARY SCHOOL,3063 ANG MO KIO AVENUE 5,569868,YIO CHU KANG MRT,"13, 45, 86, 138, 162, 269, 851, 852, 853",1.37797597740925,103.84213696352
YISHUN INNOVA JUNIOR COLLEGE,3    YISHUN RING ROAD,768675,"Yishun, Khatib","167, 169, 171, 800, 812,",1.42426692572335,103.83003171149
YISHUN PRIMARY SCHOOL,500  YISHUN RING ROAD,768679,Yishun,Translink Feeder Service 800 & 812,1.43338602975674,103.834087115915
YISHUN SECONDARY SCHOOL,4    YISHUN STREET 71,768516,"YISHUN MRT, KHATIB MRT","167,  169,  171,  800,  807, 811, 812,  856,  858,  859,  860,  969, 980",1.42813324276086,103.828764316679
YISHUN TOWN SECONDARY SCHOOL,6    YISHUN STREET 21,768610,YISHUN MRT,"39, 85, 171, 800, 803, 804, 806, 811, 812, 851, 852, 853, 853C, 854, 854E, 855, 856, 857, 859, 860",1.43232156717386,103.838094226361
YU NENG PRIMARY SCHOOL,56   BEDOK NORTH ST 3,469623,"Bedok MRT Station (East-West Line), Bedok Reservoir MRT STation (Downtown line)","14, 17, 18, 28, 66, 67, 69, 225",1.33388930344069,103.932144857355
YUAN CHING SECONDARY SCHOOL,103  YUAN CHING ROAD,618654,LAKESIDE MRT,"98, 154, 154A, 180, 182, 187, 240, 240A, 246",1.34200635764467,103.72089870437
YUHUA PRIMARY SCHOOL,158  JURONG EAST STREET 24,609558,"Jurong East, Bukit Batok","98,98A,187,333,502,507,NR5",1.34280230475033,103.741105772644
YUHUA SECONDARY SCHOOL,35   JURONG WEST STREET 41,649406,LAKESIDE MRT,"49, 98, 99, 157, 180, 185, 187, 198, 334, 335, 502",1.34718626876968,103.722687235839
YUMIN PRIMARY SCHOOL,3    TAMPINES STREET 21,529393,Tampines MRT Station,na,1.35131569890862,103.950551091373
YUSOF ISHAK SECONDARY SCHOOL,11   BUKIT BATOK STREET 25,658712,BUKIT BATOK MRT,"61, 66, 77, 106, 157, 174, 178, 506, 852, 963",1.40693702458178,103.896275149571
YUYING SECONDARY SCHOOL,47   HOUGANG AVENUE 1,538884,"KOVAN MRT, SERANGOON MRT, HOUGANG MRT","25, 51, 53, 53M, 55, 62, 87, 113, 119, 151, 854",1.35713595302467,103.890194755287
ZHANGDE PRIMARY SCHOOL,51   Jalan Membina,169485,Tiong Bahru MRT Station,"16,33,63,123,195,605,851,14,65,147,167,196,197,961",1.28421153335379,103.825951875662
ZHENGHUA PRIMARY SCHOOL,9    Fajar Road,679002,LRT: Fajar Station,"190, 184, 187, 700, 700A, 921",1.37954887512229,103.769313521752
ZHENGHUA SECONDARY SCHOOL,91   SENJA ROAD,677741,JELAPANG LRT,"920, 922, 976",1.38836583415352,103.765510638527
ZHONGHUA PRIMARY SCHOOL,12   SERANGOON AVENUE 4,556095,"Ang Mo Kio MRT, Bishan MRT, Serangoon MRT","Boundary Road: 22,24,53,105,156,315,853,501,502 Yio Chu Kang Road: 70,76,103,147,156,501,502",1.36026072476019,103.869712517383
ZHONGHUA SECONDARY SCHOOL,13   SERANGOON AVENUE 3,556123,SERANGOON MRT,"22, 43, 45, 53, 58, 70, 81, 82, 100, 101, 103, 105, 107, 109, 133, 135, 147, 153, 158, 315, 317, 853",1.34840720846208,103.869430481414
